[
    {
        "id": 1,
        "name": "Плавання",
        "description": "Вільне плавання у басейні. Доступно для всіх відвідувачів."
    },
    {
        "id": 2,
        "name": "Аквааеробіка",
        "description": "Групові заняття аквааеробікою під керівництвом досвідченого тренера."
    },
    {
        "id": 3,
        "name": "Тренування з тренером",
        "description": "Індивідуальні або групові тренування з персональним тренером."
    },
    {
        "id": 4,
        "name": "Дитяче плавання",
        "description": "Спеціальні заняття для дітей різного віку з навчанням плавання."
    },
    {
        "id": 5,
        "name": "Аквайога",
        "description": "Заняття йогою у воді для релаксації та покращення гнучкості."
    }
]

